account_age,purchase_frequency,avg_order_value,support_tickets,days_since_last_purchase,churn
5.631217079722309,1,69.46978111606481,2,1.4899534295319767,0
36.12145717101025,6,38.55436371830925,0,21.30613175113791,0
15.800948322545391,1,110.02575790276828,1,13.971592151058045,0
10.955310645311439,2,30.850843412858204,0,12.670456453523332,0
2.0354984455481553,2,45.22498886410754,0,0.8259779800455272,0
2.035155502975262,2,49.24671171546236,0,2.271049531342907,0
0.7180652233041681,5,73.89253814355834,1,14.61473354625673,1
24.134770373759274,4,95.36547814816521,1,3.494572342491693,0
11.028985843527174,2,92.42484044026672,1,10.51980978082391,0
14.775000740455084,0,61.06104856065772,1,11.807967946930216,0
0.24959169598966346,3,47.45896522953876,2,5.0008060055136365,1
42.04268970189975,2,21.911418183327598,1,44.470818537908166,0
21.4371545202561,3,28.301847148165844,1,27.721529303590195,0
2.864251502987364,1,132.069426763296,1,19.222179319553323,0
2.4081478649959602,1,21.801178026518283,3,1.2180510444494845,1
2.4313370739870845,5,36.8831452490986,1,1.6829242478113204,0
4.353044753525726,3,96.76672072659647,1,10.182196468170261,0
8.927133970330253,4,60.63405200889249,1,2.6280445975224636,0
6.7864448013640395,2,86.83610882957224,0,57.432791117649266,0
4.130675910647298,1,71.62285132523577,2,2.588899662455934,0
11.356450486797584,1,113.83969432849499,1,10.02587714802915,0
1.802814344728064,0,63.28913321743856,0,6.791206120573724,1
4.146186144028827,0,76.07531714156725,1,15.2992247024677,1
5.475326618650165,3,38.01104342567871,0,2.0723265638115866,0
7.3072162543173,3,73.19788212199454,0,8.440113138233476,0
18.455232132370945,4,44.78785240620099,0,4.817652833527793,0
2.6728303455442832,2,43.52985680592543,0,32.805605029099425,1
8.664349860397532,4,85.4013370780474,2,0.6214844628634008,0
10.770056655717127,1,85.69647458241779,2,36.75366477080696,0
0.5707661970769026,2,127.00431698300798,2,26.845895530444377,1
11.223996247795322,0,122.93202898424335,0,5.298158202208275,0
2.243535023728997,5,86.3714844873891,2,23.35913408195449,0
0.8071671705516509,2,23.098719772352126,0,0.47566625831723486,1
35.68425352208317,2,136.1613380032086,1,51.10772641795477,0
40.44756410953407,3,86.39966818343916,2,11.21705848191795,0
19.82797887375452,2,37.22832718468139,1,5.420597149608112,0
4.359454319625099,6,78.60651450796578,1,6.754973100443371,0
1.2333277800300748,2,32.50412906821892,3,1.0306939835762703,1
13.833009157183941,2,74.38951913355629,0,68.13224637018357,0
6.96109011102478,2,28.27180390285404,2,0.6012706387073372,0
1.5618268074533836,3,36.44815338596869,2,15.959125348706182,0
8.202566737609802,3,77.86406614363287,1,8.770740808929189,0
0.419924657321749,3,93.35816862321681,1,44.61432320298698,1
28.805074648716285,6,64.24593348544074,1,4.235438498303163,0
3.593493322088233,1,47.31917865239688,2,11.392087822661255,0
13.035069582779764,2,18.964462868561462,0,9.8770190194026,0
4.482558979891484,1,49.18011869048016,1,18.20360336885542,0
8.809330750910743,2,71.28903568684761,0,1.0565016426979725,0
9.49468557578157,3,46.60078782162625,1,3.231149181183557,0
2.452663194094869,3,53.98525908833201,0,3.6227601824573274,0
41.91368559283472,2,49.758995734413624,1,20.099795114795434,0
17.90694452565769,1,46.4858000686553,2,3.144873875860398,0
33.66113303149899,4,56.70932702381273,1,12.781854019695055,0
27.025823970410357,1,47.63904551532482,2,3.6357331321496065,0
10.9326529485993,2,112.35289621637294,1,29.66681290835017,0
30.59322455123286,2,18.11591032809017,0,42.75772323801851,0
1.1118655074373875,2,41.557528948423666,1,10.962516868604446,1
2.6176163355752093,0,35.33492629474984,1,6.515120541554131,1
0.5553835882419834,4,60.91962059082715,2,3.9997280458639626,1
4.722385041637041,1,56.74527499763055,0,0.7659419436255569,0
5.905563501530623,0,122.86627278221057,3,4.689872440320814,1
3.7987253185059084,2,144.83150382637942,1,15.929972717133102,0
21.174694382891207,2,37.09411279366534,0,11.441219200886128,0
5.294723994358442,3,54.611803052788744,1,43.24711458310721,0
3.9576340816109905,2,60.22889427206624,0,7.569603454509615,0
9.388884998492951,0,36.638262793155015,1,17.755855245374764,0
1.8227777738475464,2,74.75312504498613,0,10.080262321158042,0
19.445803149296776,2,48.43614418088645,1,10.7793201168603,0
0.9297104257357081,3,32.014296693521025,0,4.674997487359145,1
52.00975607504783,2,47.47559776948209,0,9.103187560142871,0
17.753805314898138,2,33.15397813915481,2,9.545407452406128,0
2.6584732860706315,0,91.68175676544774,2,18.39545027018874,1
0.0664490445112257,3,141.28507072925888,2,42.36201999617988,1
20.27876132983351,3,61.70775963531701,0,5.991975910071939,0
14.725150888644535,4,57.72200003963288,1,0.6467517045061708,0
15.667954905455987,0,58.922167815248415,2,10.286471233369411,0
17.70257431252216,4,98.6045113352544,1,11.794120123266504,0
0.9231511861655561,0,97.548481619677,2,2.7667873045816997,1
5.32671206899479,2,51.53046652307959,0,21.435811369822325,0
1.477801255253396,1,61.94797771332005,1,62.92485160417728,1
23.862354859898673,2,75.66556759930909,0,43.719120051658834,0
11.715614300548488,2,30.912365187082276,0,3.2929894062714493,0
4.821825615015612,0,100.11345758669172,1,31.23527536899832,1
0.7880167896573946,2,129.98459528332882,0,18.285973610730302,1
4.469860204924244,4,97.76005445198751,0,9.07282986070383,0
4.719770558209576,1,29.288737140637053,0,11.667868814024919,0
15.694509407492891,2,20.389086297761324,0,28.416870463714037,0
12.17867230711224,3,77.81695490092208,1,9.812790005804976,0
26.187022948818175,0,37.33403120782291,0,7.007092879173951,0
7.668793600515718,2,63.027218770367334,0,10.195988197513719,0
1.5284687233860228,1,117.63355895318428,2,12.981462239471014,0
14.989516131799192,0,39.31170893589328,1,3.1437447015388296,0
17.164713036922368,1,45.20567679652418,0,34.67555768101557,0
9.886649938629946,3,62.70000242368632,0,16.82147287163343,0
17.686679600656376,1,28.538246783436332,0,15.046896664575604,0
8.169776778123335,2,37.37761149317898,2,1.5720138535576207,0
8.876146065327205,1,55.280971411703646,1,13.901706030456227,0
6.693770326901128,5,46.98237660732105,1,1.9338844416165966,0
0.30897328788136474,1,74.01027070614957,0,1.229505592118696,1
1.37000922230239,4,217.6721011335688,1,11.239760868790308,0
0.3832041755166459,2,57.37273380847031,1,7.732184859712059,1
12.140754611130593,0,35.84284720234147,2,13.330508118209142,0
4.528760505541198,1,110.95449667273986,1,1.4018442629129633,0
8.52524612561028,3,24.670069860570973,1,8.457676181606868,0
28.575186358151704,2,27.26342102344163,2,2.881700982628026,0
3.44086587579958,3,40.546452034877284,3,65.25801942631387,1
6.339383698592071,3,47.39689118520909,2,12.35397141024797,0
16.904989770463,1,40.06341732398852,1,17.444231778371943,0
3.1176618830087284,0,53.74463444728743,2,5.904936829093688,1
0.9612513426021163,1,62.63792663093553,1,1.4929782739723179,1
4.105683646644685,4,93.17503002772142,0,55.86502733433151,1
2.1097003020007543,2,57.1451279805041,0,5.058527656841592,0
31.859401030567497,4,41.22425827438497,1,8.269719928064276,0
19.810644965814834,3,90.67871848124415,0,15.741501073866328,0
12.041930286246373,2,36.27548838684154,1,0.3751108838483507,0
24.61823676624976,3,24.13585820864712,0,24.93143973798475,0
19.535627288886676,2,99.78102240294174,1,11.536764044740067,0
2.477945716303669,2,96.63361116867313,3,4.89046497686045,1
26.769760862826733,2,36.739438768123605,3,0.9538123673292078,0
9.301198823594063,3,44.72133018231579,2,2.659981849708337,0
19.768179495642794,1,34.51990890597596,1,33.811761691478196,0
27.170911791434776,2,64.28408627534068,1,17.376591635136876,0
4.5927685970198215,3,129.8038734733385,1,4.313265648285084,0
1.39910592148621,2,77.59018205674583,1,1.0177722833530742,0
3.1042409536725764,0,91.63949265544252,1,17.597547489775476,1
6.684692312983373,1,82.25828926012508,2,12.743777523108198,0
20.44595671966734,2,54.59489748457651,0,7.775800160819692,0
23.656139662557997,2,93.84741502398725,0,6.7791895985503725,0
0.08371691017980776,1,79.24269893073017,2,3.6657812343734983,1
8.578513912062668,0,112.13717039374004,0,16.612279610087544,0
6.483279851024056,5,43.38984941998983,3,52.93615734468625,1
3.014008059309894,2,22.8955869006596,0,2.8985884999403964,0
1.5321646985477617,1,92.07702982545437,0,13.636622079073673,0
4.9429029583491895,2,65.03234492145745,0,8.279534208654454,0
34.3574534722938,0,47.08605805314792,0,8.877518185030912,0
4.684605634577693,2,48.42051530466769,0,4.398406870715004,0
8.777433669121823,1,195.8488450444663,0,26.156104804196026,0
14.569043722570258,3,39.60291290383691,1,9.961272303867275,0
5.423693987603548,4,35.63571433329153,2,11.759405428085326,0
42.813577659500396,2,56.97668315837202,0,5.452492233176746,0
39.38411837449678,0,98.51860750196879,1,3.009882303550674,0
3.4807355399064637,2,170.57941975156427,1,1.3474000318825359,0
8.251911341566167,2,75.84429446663306,1,18.782701974224867,0
4.2951655209485615,3,28.92758470684244,0,3.2767117110169637,0
4.022996116572981,5,146.26676841358866,1,17.57139133619366,0
0.45101373318627036,2,54.06925097712986,5,7.423704554725857,1
11.285904851791118,3,35.914649777509915,2,8.062031336106298,0
8.382235593955661,3,31.82664307190616,0,9.499913718221059,0
0.6342130485647097,2,82.94389037945501,3,6.876071547719396,1
3.9195110521244323,5,61.52322175730833,0,1.5907442492102624,0
28.666331413072086,2,64.87988831993113,0,5.55795322526694,0
3.2863266257049246,5,103.88157615633574,2,16.347807573004406,0
1.878370331825637,0,36.55882855078949,0,16.43953484504535,1
8.067265313683635,1,108.10222574696202,1,5.057797826972016,0
50.92844379138312,1,42.11573141064201,2,9.24564309999532,0
3.3257377627167144,2,161.0965197577629,1,3.224789253275158,0
13.38186012356752,1,73.65334121451275,1,3.5429015062444815,0
17.206651514873556,1,34.46280874271483,1,0.3497523755550383,0
3.2559980680296694,0,19.831884252989234,2,34.058529491432445,1
15.632987141907794,3,81.81514401568792,0,3.549258698840864,0
5.502273591171648,3,45.28201174950871,0,3.872506872169053,0
12.006044972781256,0,50.512314232262526,0,4.9192598154359475,0
12.046053925651659,1,80.08575552279453,1,2.044309027531089,0
9.208622999428187,2,90.48706507342554,3,15.294086912704545,0
1.1355499057394516,5,100.67073787286301,1,1.1717414608294778,1
21.643737530955562,1,30.343409554651792,2,2.161562195818809,0
4.641723524008759,3,111.37995507497207,1,15.524286704863925,0
2.4771852792906786,0,40.873312007656516,1,6.225020470969292,1
0.49955711753214244,2,17.670119207422058,1,18.462342254903913,1
10.725340855135002,1,30.288855106006633,0,12.227171406781741,0
13.582220811208186,1,60.886565197346954,3,4.436140544550087,0
0.20072337070164742,2,33.46810437099352,2,15.782857495696536,1
8.61156701459386,2,52.24675404695793,1,1.8541178605473345,0
3.0818897646594916,1,64.65893127390802,2,11.531333466036669,0
12.433492098572303,1,49.86439886067993,0,8.621081242095126,0
2.299250670469605,1,42.641281403020955,0,4.677031182943026,0
14.09055033081263,1,29.21411457979001,0,13.895305325423845,0
5.867504411773221,3,55.20049408773005,2,30.757983167922283,0
33.12412581365169,2,19.443664924910063,0,102.25090146488351,0
1.7753329612713473,5,38.744971480760434,2,14.038326606950097,0
5.0055892079420605,1,34.33303277749342,0,7.78049500077345,0
1.445331420443957,3,48.43930516034149,1,3.82739267138196,0
31.034284765808685,2,49.07428155623186,0,4.457828532991661,0
25.180004485931928,3,88.23276128777601,2,9.793183460355921,0
3.579928440737867,3,120.51071120216712,2,6.8658548955368035,0
12.945152868526975,3,31.22161301654355,0,36.76880387150371,0
20.393808871670657,0,147.88224462346142,0,6.8900025939990766,0
9.721588328238097,3,36.979074560465634,0,7.012770999750628,0
9.051352922327354,2,59.51708364720274,3,7.256294087759439,0
3.3225245452548378,1,70.48722548279709,0,27.175166859999173,0
1.1727136856992888,2,185.35842373624172,0,15.781155151805537,1
27.301478702334272,3,41.631572391121914,2,14.285331619195155,0
27.68129313178112,0,22.234185536823915,3,6.100205697413825,0
12.032039033794618,2,115.02962859042097,2,25.548333443064884,0
4.968558117735887,0,35.99259491896702,1,0.5867870118380237,0
5.154811389739727,0,45.56799972306927,1,30.69557702917818,1
15.533585156725417,2,31.222068641718558,1,10.784666024071644,0
27.289168189287025,1,45.6337746029208,1,7.618703889295146,0
26.17359083275936,0,35.86651863941782,0,10.31246595350825,0
18.162746303170838,1,76.57119091183978,2,16.512921114638115,0
12.32772832281246,2,56.848839968509125,0,0.19271407025433612,0
1.0547007143530087,3,38.84084579951794,2,30.78345012450344,1
2.115530576200938,4,89.8315265020963,0,8.878895508280719,0
27.45876600213007,2,62.022571505772156,1,6.300304536529486,0
11.189927363587074,2,21.692701656423093,0,2.2317739174496043,0
0.11087526733193291,2,86.47468023497218,2,8.682963930490073,1
1.283962817231392,0,59.88547222663711,0,10.287294529226799,1
13.069948647482892,2,109.43888261471663,1,7.753829896139921,0
0.060893244621564036,3,58.087977409196476,1,17.02883727530027,1
2.103789793250389,1,36.750260891283894,0,8.194111658536924,0
9.54837415366718,6,49.296462965300115,0,48.824377362850086,0
14.127783439857751,1,81.61064161701321,1,13.717292334909962,0
12.665297785622984,3,37.13765706822045,1,24.71316767748876,0
3.047398407696294,1,43.80954019983321,1,1.7371556044846546,0
14.945007466782467,1,48.869608978932696,2,7.594819077765408,0
3.249885108633671,3,30.732299266190406,3,6.161259059021475,1
4.723618907017014,3,37.406268139322435,0,12.641505685490007,0
16.46829061998949,3,59.51778026544676,0,29.61147555922036,0
12.585285771633217,1,99.60764053294673,0,1.2236542990320278,0
22.70347292956081,6,63.980189242490624,0,1.1301469881698092,0
12.861759458037149,0,53.36042521195952,0,28.4886042827911,0
10.080531667047088,1,36.03045716104655,0,3.5900484123771217,0
1.1802847373809258,4,94.40369419997911,1,16.573375897261844,1
5.500995686484241,0,67.81292086186396,0,11.742078822644977,0
3.697921774305974,5,38.345420916278506,0,26.83686769649133,0
3.3564024439490554,2,85.56909937300112,1,2.004495135433479,0
43.34771287395511,1,72.2251649911904,0,2.0851895063699235,0
5.992649964480285,0,36.35147661560366,0,12.206633565418489,0
26.71266253498227,0,51.8995890416524,2,43.887120479246924,0
11.968012628837798,4,42.675015670178695,1,8.042093998691362,0
19.005903032260797,2,203.72457723225793,2,5.938858810904598,0
8.381223892665245,2,71.22703429901499,0,13.997331798001724,0
10.32187083169902,1,59.94221575515706,0,39.985338588725256,0
8.139521200100322,0,69.15369754434566,2,27.20343649309119,0
2.606578743902862,2,108.80761187910669,2,81.00063658739532,1
15.381141636789646,1,52.36874415571631,4,0.3424072714190632,0
3.9549284203951554,3,40.65189088170664,0,1.7962557362462208,0
0.29539777296826336,0,83.27443622757397,1,14.103671413672359,1
12.443625435543286,1,50.02524194797569,2,25.77009011434403,0
2.339202842697872,1,31.97813331964642,1,5.0372179827851085,0
33.85299776727964,4,29.010469559331113,1,4.100990130519454,0
36.93074895345628,3,117.28985630650833,3,23.195242526971583,0
29.562118615606096,2,58.31283849641935,2,0.8705055130769374,0
5.5474487579684,2,40.65884119852744,0,6.915840224055438,0
0.18692778446333258,2,48.561573259143216,0,10.572504708925091,1
31.626281487982677,2,81.75462303000512,3,12.326599618845187,0
6.707259324636736,2,47.148266467795516,1,19.563260697524193,0
40.810104193464674,1,26.450898709747385,1,6.573987034616531,0
39.764825713562466,0,64.25891224074704,0,14.22772907363742,0
23.00864420615303,4,99.90042189180505,1,13.205727021153603,0
4.185312818065923,0,96.61482129325105,1,11.898361871906964,1
5.835503185184323,3,41.278221273136296,1,15.34491945626149,0
22.856719829736956,1,102.98530706802586,0,4.5054150939517985,0
4.573754777168605,2,60.732257796704594,1,1.3267111725646654,0
2.2286233955490573,2,101.55227311180252,2,1.9050910261515497,0
9.764843904722733,5,72.73651405121456,0,3.815303005058281,0
33.0155216496845,1,25.513343216032542,3,10.403146949747157,0
14.289907173095246,1,130.76076977306965,1,27.530287356172696,0
10.129348037227867,5,56.030261325777964,2,18.12439896572069,0
1.2267383681918747,1,72.84959053429911,0,23.34134401501452,1
11.454368586212613,1,27.88189868907404,0,6.484275053212055,0
55.32683697415581,3,70.29236943508738,0,7.779181438390897,0
1.8110470397071698,0,94.77103895870701,1,7.505257350545933,1
8.765943899778044,1,143.69028264685443,0,3.19554424172962,0
25.183303654809535,0,109.96915280260892,0,0.9475583886607105,0
16.20041098024404,0,72.03213594242646,2,13.407524879526918,0
14.328893103620077,3,25.224388479910285,0,67.94632650586568,0
14.547450674693879,3,58.3311581234999,2,2.7377583281315045,0
5.3459081077793895,1,40.5990723325037,0,0.7171455880504786,0
4.170745011205142,2,61.40485707055872,0,22.680019142394585,0
19.88849408711655,0,29.720501194961955,0,4.367040591706525,0
19.935938389044345,0,49.151951269691416,2,26.547956569551616,0
24.215400568414978,4,42.157325195754176,2,18.25772827235405,0
29.335391542039638,1,41.50927191892764,1,43.691157354399316,0
8.593118843194844,4,41.71588147439384,0,7.8872422291149755,0
8.35421253061439,4,51.01259901913115,1,16.269302326282773,0
19.21139918770185,4,62.997647191281445,0,9.378256967797235,0
12.596628898653602,2,15.654418447682879,2,14.937669213793265,0
14.526607782138203,2,16.63956963589381,1,8.95662007100531,0
19.063433699450457,3,46.09268819959487,3,3.1355080606534314,0
26.487881716161205,2,49.457587180151535,2,10.636021202484153,0
4.94978888565185,5,60.01266410109962,0,11.280221623622065,0
5.651241464730676,5,37.94598960772835,0,24.958716249000677,0
1.1843524702483266,1,54.85715347084502,0,19.949884702822544,1
10.360968319313216,2,58.16370893980064,1,16.35036216602967,0
0.43924925053028396,1,37.81557109624675,0,1.8052020269200644,1
7.519283378185316,2,90.62480041639361,1,19.127537096132205,0
9.387535028245512,4,59.64994077853144,1,10.406365193783817,0
4.05156792377427,2,71.77100380302895,3,33.678834688422675,1
10.723590361754104,4,56.51029679130922,1,37.861749314222266,0
0.37170074521769453,1,156.3092710693158,0,0.851041043390836,1
0.4567619913934726,3,73.56714558459521,0,25.77553528895878,1
20.75221643445763,2,42.77711836105545,1,0.576394722161879,0
5.3590202904929365,3,82.30924564873976,1,6.863292957462166,0
1.630668495569136,3,24.075567781563592,1,11.72311917087852,0
8.863843059348188,1,57.96272498860249,1,2.4043060109939436,0
17.63577528534882,3,64.04462750017791,0,20.574858875351953,0
2.91741604115884,1,58.294653417090714,2,0.12584700492624484,0
11.702635423877915,3,46.206041806994634,0,2.7696466144466876,0
1.0705323478787674,4,32.91285535025102,2,13.04099375447198,1
0.6367811509237129,2,36.79369481604237,0,18.796792487631024,1
9.09490728750625,3,57.45703540321911,2,37.269358831293566,0
9.334925312336907,3,31.288179791776926,1,18.336973609681127,0
12.17444937845539,3,132.3015527748829,1,16.711034105875,0
15.53952675500021,3,14.57854839630709,2,7.521575988011804,0
44.68268410439991,1,46.4455689263201,3,0.019278766624140433,0
8.715493430764276,0,57.696402288663116,2,1.9202154558588238,0
4.680236569271745,4,70.3660191366141,0,11.471405455304474,0
19.027847756792234,1,34.53722184021379,1,16.86494737927959,0
3.7902175852336475,2,96.26910018336307,1,8.105059717093422,0
6.935801175279616,1,27.196396369068356,2,19.67777017593358,0
0.9804620230040388,5,41.13814139731838,1,11.067847543501435,1
0.30813131449769254,1,74.46831833127861,1,1.1560700769076766,1
39.44855907922322,2,91.84425686659074,1,3.1981999987109626,0
21.69321170538075,2,27.058450292924867,1,27.488555386269155,0
14.2877127935921,1,204.89925005973478,0,19.36000419956654,0
6.310315733581703,0,34.85700838476733,2,33.77296055641142,0
2.2836784337053047,0,28.329644386894994,1,1.875920457061113,1
2.0414488988742496,2,70.20064126974034,0,69.41512487429195,1
3.456071869519003,2,45.871924956600495,2,3.524574305649374,0
9.561487779759775,3,42.60509485801674,1,0.1777471315375626,0
15.04619145332131,3,73.53945234316814,1,89.41658546156953,0
12.95268419636158,0,25.440748362039564,1,4.949950319090049,0
3.940947136667951,3,23.311173617297552,3,16.540183555312833,1
37.17724198267568,1,40.49944690807035,1,2.91619714921887,0
16.068208858502715,1,93.59255780823787,0,13.020672601166005,0
9.698765783175975,3,41.38722893015552,0,35.156573942617555,0
11.35236566444922,0,121.45919251169002,2,5.788934084965417,0
6.528454386384617,1,99.53480485983792,1,16.64148817817011,0
3.4159355072887623,2,62.8954039735494,0,3.1220431929268266,0
5.280169551877349,2,64.7065174415194,0,14.704256975736314,0
17.018182173080557,1,62.865738194288426,1,6.152274004559892,0
0.17397695664965132,1,59.1371229040608,0,3.558794183412483,1
1.4805647068797125,0,45.462106339543844,2,5.635290234345424,1
0.5651325234302463,1,48.178173348210876,0,2.9555790817218317,1
0.49897742300750914,2,31.977096805033153,0,34.82898186054549,1
23.210436403387902,1,18.08311455530109,2,7.592220867747754,0
14.59488734040826,4,94.82521023352244,0,4.221113078119949,0
7.713415132954708,1,59.06444987068924,2,8.924195223056808,0
1.235483021373759,3,54.76797787499563,1,5.796769086361431,1
8.118215589566798,1,66.63463993190356,1,20.463253308363115,0
7.697403985132454,3,36.082257863552684,1,53.2210727380501,0
2.2823365536026996,0,33.097868790223814,2,8.644699773661898,1
6.8267895756278865,1,47.37798423378814,3,29.60282493442805,0
6.100039374998483,2,108.20734426684392,3,12.515929438956457,0
11.480669194957613,1,30.436102491550848,2,2.5660187300259976,0
12.097374432490945,2,14.6797254632193,1,17.597907710443177,0
0.5563478882464168,2,42.06850891788308,0,10.805756180437124,1
5.6326080558607385,2,96.6745282874983,1,15.773348269876603,0
11.797499937392743,4,22.95941260740251,1,33.06655858955034,0
8.393273431293476,2,30.26095289418311,1,8.70892223310341,0
23.296193438105263,3,62.28828524362742,0,34.716468213270346,0
12.899697168659973,2,197.3450101924283,0,20.834610079323465,0
2.134234425207688,1,27.685094557226172,2,10.059192724718203,0
0.8781892350748901,2,27.154233229095286,1,13.865680358337302,1
12.340729765306694,4,64.6733479853739,1,5.9085584399096165,0
0.32242887200873316,2,99.7171043070176,1,61.65463961445863,1
10.576168533687488,0,39.96286483735836,1,16.510018336784906,0
33.807065464645824,3,24.271502412904695,2,0.6725577394130069,0
10.281389346930533,0,67.82118507978592,1,5.931724542789003,0
5.895608306686887,5,74.24873189275336,2,14.645167220125764,0
12.369925894139783,2,132.86420123673878,2,0.8697333553361978,0
7.355471688613095,3,75.82845031219524,1,0.36261064759287037,0
9.465772326915841,2,82.60192936518733,3,8.968216103933187,0
34.05752575479599,5,47.890991989919,1,6.067512640507857,0
5.855130328202246,2,185.07333854394514,0,8.651773519719914,0
38.98910233808105,2,44.74273095226875,1,4.571270103267889,0
28.29091420523903,1,40.20691272978244,0,2.6997837545482097,0
2.6147551312854,1,134.93017997199487,1,17.526351419939722,0
0.8626098636378843,6,26.12470348991639,1,10.840837236739157,1
1.2747040257795625,1,21.677954180180798,0,3.3500450093594694,0
0.22067865416680443,2,57.96146900593402,0,5.77588317157484,1
1.1904601398690497,0,54.550765128197455,1,13.440261012385477,1
13.786498470926006,4,48.71836234482227,1,1.1245607891352474,0
0.8861955233571243,2,89.7443325734688,1,2.392904253722796,1
4.609886259538422,3,34.67076791983935,1,1.1410004043015167,0
22.362312481167326,3,56.37825659534047,1,25.095040234449996,0
0.2825640381685381,3,45.60179244174948,2,20.93967044560678,1
20.214366074231503,2,34.966510128680206,2,20.994520144118887,0
3.973001602075554,1,52.93580526521906,1,18.898909096710884,0
1.5090014379492915,2,83.62126900326284,2,16.602030060516167,0
14.317864901278961,3,157.6352878779629,3,9.722375353031474,0
11.896790117198643,3,72.94527419534514,2,15.419993814504195,0
25.19298976904336,3,15.558117051281894,2,0.586751033079517,0
15.939522945172804,2,53.56682593152128,2,14.57167822348775,0
19.52394967192774,3,55.97478914070252,1,22.567907592394587,0
3.9760063476808627,2,87.19129559637422,1,10.407962374437686,0
2.3439995524853634,0,59.88374810790228,0,6.636138105926504,1
16.665076752065097,4,102.16043386695851,2,4.8740468852542405,0
19.730510198921035,3,66.40918052259154,0,15.441977542976543,0
55.88405868168277,2,119.03279397269742,0,17.703902692594493,0
6.38495224983126,3,43.84352476090312,1,30.7153761345085,0
5.582926943540793,2,58.68427090773807,0,6.28587301045795,0
17.975454040123044,1,82.54311539659452,1,22.03029737797848,0
5.0008040511690375,4,41.01356906897388,0,12.361000920415844,0
32.04165509279191,3,36.78144841694828,0,32.162772063426615,0
23.458069885994988,4,39.85803237449423,1,11.255674454441989,0
6.724267313305916,1,37.539442921689435,0,10.935652032150598,0
16.677416597945534,2,70.90074636110879,2,12.936880967286408,0
16.855595842260207,1,21.814960266351154,0,20.753392871490384,0
1.3060502256806164,2,25.078602357539182,0,50.154039447567975,1
27.941348170411583,1,138.56967201462194,1,1.1461442362812222,0
8.444489877081052,1,37.99488857569062,0,0.8237282486080181,0
21.01599069027996,5,60.340735661012744,1,41.6009166789725,0
4.6288251139740995,0,25.93067915448544,1,11.32136989092684,0
27.105486174551114,2,57.22907845983526,0,14.313900993039796,0
5.915861448722055,4,38.11076035061916,1,9.878972024552624,0
0.13076167938210576,2,24.98948786201045,1,1.4750693514983353,1
28.294887563549445,0,106.53357767402937,1,21.921048500234484,0
1.148707326581703,5,98.62086615707558,1,20.6288116491762,1
4.615843600620467,2,51.74473069503096,1,5.603029728546535,0
35.963668598259424,4,89.99098659215409,1,5.484421675022647,0
36.09539448124787,3,141.4075778857657,0,27.28770438858337,0
10.223967492663165,1,79.6019003714895,1,1.1266289449888054,0
11.990760964686295,2,69.39673843225405,0,31.942736641648214,0
7.140175963474292,5,60.30860810822892,2,4.449060120168076,0
4.164273344954364,1,75.54652430480887,2,13.483569291592179,0
4.781836014604677,1,45.51492541453638,3,41.23171869991837,1
13.395882959142074,1,47.54525838057511,1,17.003763680670275,0
16.750054483956927,3,68.40498400925098,0,8.027538403476548,0
18.818344994653785,2,43.08037534182372,0,17.545223359298756,0
18.7059723821849,1,45.47215513656677,3,6.323451724787879,0
1.1476433584838333,0,54.60324604282483,0,4.870553145754756,1
8.18459515888027,1,97.05751833559378,0,85.63167470261389,0
0.7113804773848535,0,30.990110058717327,0,20.84190438171006,1
9.569535788344716,3,79.8052467748477,1,15.522735065029734,0
6.9906632998474025,2,81.11745827107569,1,6.5843118344763685,0
26.239423970649614,0,80.87510124159947,0,0.7561551985379469,0
5.1862994336146215,1,36.474989622368135,0,0.47324046619111027,0
1.4940717306294105,3,23.421612149520346,2,12.117642178761848,0
1.8516918545054324,2,72.22962181503571,2,21.534331471795845,0
17.201166564949126,1,59.96549972180668,0,11.562713194318299,0
11.55486815697642,3,90.21433304489234,2,27.562503611118693,0
1.2793045469446254,4,38.464340295686135,1,0.5099695480271692,0
1.0542662600232608,0,79.84275900868784,2,6.853399036566741,1
14.486501659837197,1,92.49976057250755,1,4.058842616278597,0
0.9065530743095657,1,52.05730543939357,0,8.893365189464589,1
20.702230245702978,2,67.25321013098264,0,1.12693836879967,0
14.69999703756006,2,66.08773839129162,0,46.22969637719398,0
1.0181850069637448,0,36.20746219186947,2,3.7896552623045903,1
1.0638464133336802,2,71.20395047956609,1,38.32500145784604,1
51.785502744697105,0,122.88502602394884,0,8.324096384003843,0
5.6260509906274745,4,55.20767410554407,0,63.52908567861488,0
5.55666312570375,1,26.299173969171168,1,12.113508602252056,0
20.106904839392126,5,38.72117989902937,1,40.06844167503186,0
35.305974455558925,1,22.42744148948482,1,0.08045018631454137,0
51.225287275223806,1,104.0769536561619,0,20.689114265156384,0
16.798790761396102,0,80.00208110628158,0,35.00349950706309,0
5.664251995429508,1,42.49198050672825,1,2.2574703058927184,0
1.046327924375487,2,26.868914914259094,2,1.5159771719901924,1
18.01491048545551,0,35.99400946569414,1,8.289633336582796,0
9.808324890737916,3,39.6805648382952,0,40.698709117762846,0
6.624397503659685,4,57.66807915286582,0,11.725957037019647,0
28.418852105737088,2,56.70597994639253,1,11.24438094032291,0
1.4145624956625629,5,106.77416405745379,0,2.2819978152458726,0
8.142061312475452,2,38.61429602136245,1,0.011847343818608032,0
0.13702307319050003,3,25.68497197520951,2,24.922031977327055,1
7.588252434995114,1,30.615633048174832,0,1.3747336458869877,0
0.6954051727911092,2,53.97319706950042,0,15.070675476290923,1
1.5178919511740547,0,37.92691303426595,2,36.909028088608466,1
1.5003147840894753,3,47.18121033651801,2,3.5102602319096783,0
12.57082063688366,1,43.5096698955678,0,16.416592732781634,0
16.447172611157672,3,89.57884855265887,1,1.2295202699154495,0
10.506645326434423,3,40.71176660558443,0,13.885844027528472,0
39.296642509228526,1,45.21048195109611,1,2.6856749359737084,0
5.637558935043206,3,78.15091699496504,2,19.974454262492856,0
4.037629889046705,0,41.161734252140356,1,5.37653228018119,1
24.354030458042757,1,67.4648139551131,0,9.33728377904033,0
3.0369848127822405,0,64.44052020702345,1,13.72302149047323,1
39.63444127502293,2,58.608687091638245,1,2.8179747906816504,0
0.1467473323076317,1,30.963274500437496,1,20.30089311996362,1
42.03032307455378,4,100.97642888830029,2,5.406809861177581,0
0.5294279834220228,3,165.72700696909806,0,16.28715249592547,1
26.612654749920104,1,54.8396827207846,1,2.584672289729025,0
9.001719004192683,1,32.3567470491,2,17.476939127076754,0
59.481943295112394,4,55.398435548763594,0,2.0577233724586153,0
0.9199365114534592,1,89.56190572832816,0,8.310081359598852,1
9.685315964800186,1,40.141317367205616,1,4.259456384111219,0
41.80290265507206,1,51.19031776144789,2,20.697245794382273,0
8.885327198172527,3,64.73662193602907,2,4.5578833063156265,0
11.911539484574249,1,99.63603796481733,0,32.02016716706125,0
14.27881485740129,2,80.45611387770475,1,33.359410901285756,0
7.2735330681234105,5,82.14072909740204,2,3.280575900517427,0
11.852090076096264,1,44.11790555315349,2,14.272783244120923,0
10.533910341669067,2,66.75034578636134,2,1.3770860017171378,0
27.77079323379177,5,38.054461705103726,1,7.452290060338958,0
0.5581375409217717,1,83.32620203418902,2,18.740920511069866,1
3.9581127107851017,4,97.08722685897885,1,16.15672148587525,0
36.04795207033118,4,72.00112791549303,0,14.700470347501719,0
26.516109941441833,1,45.43554401719762,0,4.980589287148171,0
7.298103143515441,2,49.31047020973742,1,7.12282948017483,0
11.615196344867726,3,134.72802346655476,2,1.6295906905882436,0
3.8984810387415614,6,45.8165224243487,0,19.042227366805516,0
2.5008499372327737,0,92.2956566687755,0,10.51432766053026,1
7.4767031856491855,4,64.67959668267243,1,18.504404232487357,0
5.2314424154008,3,46.19778142219726,4,4.294116450618252,1
10.514924472079716,1,27.87347406628737,0,5.883160205502809,0
0.9710674131982175,4,60.691289703300804,1,6.101834849149518,1
43.97952147027081,1,57.142630586185845,1,0.39119315889062917,0
51.40638690663046,2,134.7292670656618,1,6.25656587666851,0
14.374366582953472,1,35.51317137400982,1,24.39148207639488,0
9.216941212945079,4,171.98104990518527,0,34.1389277268324,0
4.44455161865232,3,65.98353655335683,1,10.95396306813727,0
20.170886009855963,6,65.95116939934698,2,9.118356749463526,0
13.851955003785788,1,40.58765404426017,1,0.46964537121214744,0
2.1296838492058603,2,63.90215937044525,2,31.704823519347954,1
29.019613103989528,1,69.16711024180482,2,0.19643381327112516,0
20.747934136407256,2,87.24006146732,2,43.438325855308015,0
35.90086230040123,3,33.47633918166842,2,10.077134484059517,0
15.523248050353612,3,110.32057304868624,0,6.276761981612592,0
11.404848235096473,0,65.41213304917981,1,38.698503294624885,0
6.50043007911736,1,74.00365231939033,1,0.37040070792773283,0
32.38822033856542,1,48.88784852834455,2,13.063484137135518,0
24.124708560563043,4,34.32687863141859,1,11.942075063803069,0
0.5552752638374734,1,56.620001926092975,0,3.7138568721719576,1
0.32064980239813634,4,59.9582073233648,2,8.40253418642814,1
5.668173138999155,0,27.31089934559237,1,15.84467587332559,0
19.963772675953035,3,81.17787239520875,0,19.48146260953896,0
52.37130561864201,1,89.86084588368327,0,0.010756736589646302,0
1.956114119213756,2,37.90820911935705,3,41.434451223372214,1
10.820689562588829,4,32.74359350782779,0,2.6963294898389925,0
5.753684397097153,2,46.92353263550427,1,3.990382847880209,0
42.044502652511554,1,55.25437642058632,1,4.587149835041901,0
22.150958489203617,1,47.84250618317705,0,0.5783081632752946,0
21.866280557638287,2,52.96022094883182,0,1.9696158351699864,0
7.588986853677282,1,60.991764620507205,2,64.4101516837615,0
6.430019235928189,2,27.546225771854008,0,5.679793435752862,0
3.832666705800735,1,29.176167261877296,0,1.8376186039928546,0
0.6963235661380346,2,13.997253468368033,2,1.6973836835226737,1
24.005113680039724,0,87.46796519112442,0,19.065582696727276,0
20.113409270999075,1,55.015420040404955,1,28.920768322633887,0
98.069347173817,4,92.19681317775309,0,4.454925547066341,0
68.33848080893199,3,30.91158405291093,1,0.3169681808418834,0
9.727819111696729,2,55.268530054283794,0,3.7864618377163897,0
17.58339708247513,2,60.7892675637978,2,0.872633170905542,0
34.754060194493235,1,41.22763370776905,1,1.6370969996381342,0
22.737264176510948,5,25.110500386949163,0,8.471523732404343,0
3.4098293349737583,0,130.7040579630629,3,3.9188813682788832,1
7.185921928798374,2,109.90778220939978,1,10.883378359328532,0
1.6595561317570637,3,45.10683847345715,3,4.385269409949476,1
36.96268543730051,1,70.46483722190378,2,42.336091084703824,0
11.182172431063417,2,42.84567308740369,0,35.45796882614935,0
3.115244705021804,4,33.191645360545294,1,12.54854785164825,0
13.365954470079004,3,136.13278265552498,1,6.564184875405172,0
11.55204521691686,2,23.86267587312499,1,7.19830985530937,0
5.321045547565273,1,47.334913468555484,0,7.9616571523761435,0
1.4464694567816312,3,56.94932934525427,2,19.506116964860063,0
13.361295402229224,2,124.66352268743164,0,9.012321624369909,0
8.815325090232452,1,85.4810169331495,2,29.145359155459126,0
17.75768497152618,0,23.66211184781413,0,43.261464423332484,0
8.81171832508218,0,54.523122594546315,4,6.140880577272515,0
22.941241335701807,2,55.17611162409586,1,12.33840248648715,0
9.63304942825785,0,48.70739333129449,0,1.498242133077566,0
9.877374971761766,1,74.43338421502078,1,3.3559504945336194,0
25.11310371875726,0,26.989463149734963,2,8.002863657170508,0
6.199767767857404,0,44.50858285549123,1,3.4639074004806676,0
1.7266554646835872,2,69.36686986794754,1,31.380060702967114,1
0.3504602571851362,2,76.69126699089027,2,2.5847294116480435,1
16.884689431951028,4,58.83340093577597,1,9.122741049346358,0
11.620787604728156,4,47.266599284296866,2,13.959619677004858,0
14.611984173574518,0,51.42011113668673,1,17.65820605466727,0
2.8737779219213215,2,79.05972355296876,1,7.244980381089042,0
1.7593506147393438,1,55.53149804242179,1,30.499717375338157,1
0.1758177151880254,2,32.42975051568895,0,12.601031091158674,1
5.180247138180831,1,29.466416998191765,2,8.684098767429395,0
10.696768507979336,0,25.924313908266427,0,1.0441203856691033,0
5.9757824107338084,4,113.04550188885426,1,9.373624014889877,0
6.903834753941174,4,81.75532275463443,0,25.783422170354246,0
28.1407382757773,1,51.76716450511789,1,14.299807414338645,0
5.137231373101341,1,43.5149151970272,2,26.771381308421564,0
8.658300336867853,3,40.97798601385505,2,10.21862511579247,0
18.37046085263642,6,94.31295432921452,0,1.8913025280017253,0
6.060961575590157,1,141.48826122302583,1,0.20600584737987362,0
11.677085704237024,1,40.338386654542724,2,5.419273589389286,0
23.79768772421168,3,96.46765398862226,3,17.959450661597806,0
35.83428498449601,3,55.368257358807135,2,23.428292288826672,0
1.9089825517780317,1,49.09639129461583,1,5.259388458806213,0
31.339953156504947,2,115.82809374006824,0,10.267388724645917,0
8.130033371946368,2,54.321339350973936,1,8.199872763234609,0
3.584825452216749,1,63.31879595723823,0,7.92778815076406,0
7.375043608448371,2,61.81443828945132,1,3.9467681328176583,0
46.963837170967096,2,24.22052263800671,1,2.1991818323717323,0
8.141895512008317,2,63.06749955632046,2,3.2851918867062397,0
4.783392385205998,2,41.208889093479314,3,0.8538321871311876,1
12.041835287491914,2,26.82739132491616,0,3.3121455620239346,0
3.295541612587235,1,42.158294896153535,1,0.13865230991334543,0
0.9467436597148204,1,41.98471255261283,1,14.803047937630442,1
1.6557026365489902,5,91.37219953579121,0,5.705195298571762,0
1.6442210888040854,3,32.0759071402492,0,54.259387651234825,1
1.9771188186800757,3,36.78448968858753,0,3.2298081667949115,0
1.7935207928101986,1,61.417458201947056,2,6.365787554471883,0
12.289008612909678,2,28.13749741388322,1,6.6437938417255085,0
2.4089562844137795,7,39.27140401768032,1,0.12731118695036583,0
5.089671789537663,2,23.754254049945285,4,27.414650739915494,1
27.25168950154029,2,86.48800467140968,3,0.48776203095804316,0
7.708573699759124,3,46.96104554129175,0,42.246186944746576,0
13.215469003828566,0,54.165332254618555,1,33.39469087486313,0
2.269542205358598,2,86.31515231391671,1,11.502613559136897,0
2.5626117719411408,2,38.04864825458831,1,11.765639481063904,0
0.5007265526107837,2,46.71225246478394,0,15.91012302973772,1
2.2205681287869705,1,32.19579971303018,2,7.342078978685375,0
3.9185774235737463,2,32.160794207159626,1,15.62875677604235,0
2.3377418097972953,1,34.456875374249876,1,0.6870216445845417,0
1.114630894324411,2,42.6810404721079,1,0.8334458584997209,1
1.5426745619202302,2,45.042308317803815,1,9.166055919483973,0
7.411552120384549,5,63.07446896889487,1,11.96503076075221,0
2.773106476141159,2,34.966537263836415,0,32.814442807479445,1
5.4357733861310225,2,64.05975617386518,1,1.6582867888000474,0
8.400062216571964,1,69.58163348188512,0,25.944276152595112,0
14.069489208150507,1,43.21073278904903,1,3.536733839088825,0
0.48126876120018514,0,36.5118809751321,0,7.515200044279615,1
19.277930925913434,0,56.9708376074509,4,5.710177531826527,0
11.863124284407556,2,49.330436732712855,0,7.6662666804961495,0
1.0235451645160112,4,60.95743993238857,3,2.446530575724671,1
24.817616381857086,2,119.69336946990589,0,10.504694133331519,0
30.440322556547137,5,56.50440073384833,3,24.265271604963896,0
0.7562739307219608,1,39.66164974231147,0,8.738423373910214,1
3.8901221175438097,1,34.97226063715676,0,10.118225513309843,0
19.69122219871971,2,35.655349237405915,1,28.334061827300665,0
16.5522868825717,0,26.274971877394485,0,18.365598000290316,0
2.4477555847416057,0,87.04034999421492,1,10.11353921302852,1
2.818788374178399,4,17.87424035978089,1,4.469939134079916,0
5.553421320292436,3,69.68969151157168,4,32.43279554175368,1
7.951950776023373,1,35.37368020809694,0,12.906469980689325,0
11.556022008702623,2,42.25815668013392,0,3.749006065942988,0
5.523750756004214,0,34.84836355286378,2,4.702584794259076,0
7.450693310651012,0,112.49764969441195,1,24.378410353599243,0
16.51474728467811,1,55.04537256346396,2,0.6772445868219958,0
0.4484754278577415,2,81.05997092550685,1,72.59856036806511,1
3.4912394625887666,2,104.61253995560239,1,2.094995679202965,0
14.99390249947231,1,59.24626481975046,0,23.849568755646576,0
27.06920105196736,0,30.029736715446134,1,7.5323326898679746,0
8.601349346500811,3,48.895170310278836,1,10.165492194472565,0
9.114354028236827,3,37.67045096959218,0,31.885496469328327,0
1.3603360624879606,3,42.44664684983292,2,7.988687627689821,0
7.11771895300261,5,52.075162293465155,0,11.566428248242074,0
9.127281588663479,2,51.05595453046464,2,0.7583455278014606,0
3.3323136391278396,2,67.09131356363143,0,0.035253502557917316,0
3.764095342542526,3,72.14313609603207,0,4.211587439786591,0
5.683979817629664,2,51.05622170252694,1,17.118871660834444,0
0.2433043290037742,2,66.80209611744509,0,1.939076765204831,1
4.664697135073629,2,41.48450867182858,2,1.8115454241213607,0
2.8506832274835583,6,105.36072228354523,1,7.938933272566913,0
4.760990762783792,4,41.15084065239395,0,15.654918780253583,0
1.5307572394173752,1,99.34446370794615,0,18.675672047666428,0
26.544958799316298,6,26.100812761055867,1,2.9484494940725865,0
10.804785766554717,1,45.14124587691311,2,1.2440106481737214,0
13.63959549471638,3,46.270791699164434,1,42.30074910202141,0
18.680508388533497,1,62.77117036037258,3,4.530090232030952,0
8.280437062186621,3,84.00769498478783,1,28.795239017841084,0
1.09118513420947,4,29.233122496283727,1,29.870520485197808,1
9.24310035953787,3,31.374908433030637,0,22.210565249593355,0
10.607076694456483,3,27.08678487992073,1,2.7738790725327993,0
16.418599785700913,2,105.6458115398764,0,25.872854292529503,0
6.780415792595785,4,63.35808173486081,1,21.9963424377643,0
1.6378160007517466,4,31.747513133638286,1,13.621973755532444,0
4.005146163140447,1,43.748291605408866,0,6.169275959957043,0
5.413377905695482,2,98.5812122016985,0,4.567512864574703,0
12.45869533946234,2,47.510008059860816,2,1.949737667497438,0
10.149380654417035,2,46.12734453538859,1,10.692813433525746,0
5.282481115821674,2,36.942093516255035,2,13.201583581492443,0
51.67434926603775,2,32.70421089273071,0,6.678822124627601,0
11.169996101606511,4,98.65825466241921,2,9.67561783234282,0
3.2495343450815994,1,126.08430800800318,2,6.776903626477769,0
1.2881160554986422,1,33.3615086105327,0,15.366746450937274,0
1.9906595110779106,1,110.21920599495057,0,34.72885684586781,1
3.3876821927416914,2,42.79003686044392,1,2.685469351788429,0
2.1019784994515285,1,71.29484307633867,1,7.204659907685702,0
2.477900945454965,1,110.51009811154131,1,2.277501070904207,0
4.027270178585359,3,50.77792445418083,1,14.710189780099894,0
2.284829203954644,2,46.341089969567726,2,19.577381211885122,0
27.249017392270986,1,81.49490328362478,2,40.304475786498195,0
1.003628551104002,1,31.34402257645475,1,4.904077859883132,1
8.920948201352433,3,96.88557944840841,0,44.999480064747814,0
6.339666677871628,0,58.63927513449956,1,0.980285532457517,0
48.463705992191045,2,40.89978253013113,1,13.857808788277486,0
1.4259281483688588,3,40.36310795495415,2,0.882446218036775,0
6.087095924909165,0,27.337755827789145,1,33.632822199268254,1
41.86871596952058,3,41.758954890302824,2,11.319246078402555,0
24.074928743617857,2,47.845693746600496,0,16.60034815514983,0
20.383956408434152,3,32.115964217073554,2,26.718875323477906,0
3.5793010024020555,2,53.37099918059242,2,2.443266517545386,0
2.2487943934378505,2,69.16248160544154,1,0.5903392006887914,0
13.254715184181403,3,49.070789145103795,0,31.664744254636837,0
31.804621139519465,2,76.0478626108932,0,5.673584509626851,0
9.763805062856907,3,36.46781200020154,1,2.071336297430332,0
10.172730737503038,2,90.16951349792808,0,9.479687290453473,0
3.94170036972781,0,58.02693810954696,0,13.68097294035383,1
17.60968510094506,1,118.2296104330696,0,0.4719049578938357,0
2.48493578575285,3,182.56543489312054,1,4.82159572256257,0
4.693053757430792,2,43.15844900673448,0,0.5002477454234389,0
6.6497346008379665,3,44.056286787390405,3,8.179583998957286,0
8.501819551736382,1,48.273315748957906,1,33.821220609977836,0
3.33135100283527,2,73.54159210047781,0,60.81452659849838,1
1.4637992657296253,0,105.95187538703453,0,15.202251820291817,1
11.318395889152278,1,39.393300269170545,1,2.6445738842353674,0
4.086760421238502,1,66.06387871290335,0,35.44289317304632,1
10.445436819509323,0,51.010747972116505,0,10.892738022051503,0
2.0119770332481575,4,74.37014253433827,2,2.504094628186147,0
7.873456536342331,6,116.13215927697884,1,38.21322510042838,0
9.126566977548933,4,48.416268403436106,1,21.24938926295967,0
0.6385758174854559,3,23.690311489833725,1,19.73503761127345,1
4.924603216565079,1,79.19798356355523,1,18.52579769901191,0
1.7321919219831794,4,36.004624577694216,1,3.353526268917022,0
0.7856671052702986,2,50.82773303556783,1,3.5549615913576917,1
55.21441573674389,3,80.92440266431122,1,17.48537444886369,0
4.669560270233043,2,63.35142665796312,2,3.721589608184476,0
19.920847365238785,0,51.89072095656471,2,8.661740009080308,0
3.526666011520817,2,40.938017059256985,1,22.84902885768371,0
13.729696212244217,2,12.807783984246505,2,22.98385607751806,0
17.136794673938503,3,77.41343991839379,0,9.056777272245933,0
10.865359130029677,1,48.111640322813585,2,23.566961718819115,0
7.654279728543261,0,116.35759201881426,1,27.360068652948854,0
6.369093762064534,1,66.6206117219985,1,15.953416152440337,0
5.148519620447698,3,41.65566249912246,0,3.889837549770073,0
31.83067257864937,1,93.07773871904391,3,4.803322360730473,0
21.307284853701574,1,97.0828466332115,0,5.6715686653195085,0
40.2381166729883,2,48.934569664858635,1,1.8631238165550905,0
1.5927425020332666,5,99.1686992540101,0,4.785725788489832,0
15.75061636152609,4,41.36131287437395,1,3.526709127138978,0
33.433527183134885,2,59.13505434514148,1,9.11359315472434,0
2.3994697164095724,2,72.65369099295859,1,35.86101003911865,1
0.8257238096699624,5,80.83344409913724,0,1.6552661632301986,1
16.216717838263463,1,74.49715407408019,0,19.10884507720679,0
10.253125730384037,2,46.23196350923258,2,17.436849973530258,0
22.128925695857735,1,94.33467394881858,0,1.5098107712360416,0
1.8066989569703114,3,51.30490381001915,1,38.37618054242711,1
19.032601332382416,0,41.078559505844524,0,12.606350236688717,0
2.702157276804275,0,41.38137979879719,2,6.781878573006283,1
2.1445823875862158,2,144.02605140358048,0,21.191952041911687,0
2.1533358787194086,1,37.67543482631659,1,4.463268358714282,0
20.221239390768105,1,104.14848417789908,0,17.73854428333028,0
13.130563668191627,2,30.946708734256678,2,0.6078182147037183,0
8.884511476152532,1,69.68274474875898,2,27.43332789153242,0
5.333536820136818,2,63.34156354407374,2,8.917751791277235,0
25.166432007531988,2,122.80692908111074,1,15.18760254583084,0
5.979752996369339,3,39.36192790913364,0,3.7507435245766665,0
20.352991954176836,3,34.28362692296493,0,16.95496791553177,0
6.939298573366564,1,51.50839534679158,2,22.191960710196103,0
5.677434789812845,1,125.51194265227147,1,9.614390122157834,0
7.453932718795231,1,35.0901603768602,0,14.424301009323004,0
4.303743305167705,2,14.966160469900153,0,9.14108004519939,0
16.521327755243274,2,56.25438078569912,0,33.677677960710135,0
8.383233788347152,1,87.77366029390443,0,10.333418949821676,0
3.1709103719647826,1,32.88764428809443,3,27.65925413872499,1
27.580078194607005,3,83.42650683922805,1,24.243317370977365,0
5.811980908304536,1,32.52615410814701,0,7.927331066192117,0
9.411388586133162,5,50.74031347182698,2,3.922117497602735,0
28.433947304515517,2,79.54645237655947,1,7.815213592235347,0
11.745591646287968,3,30.152483737419946,1,26.24925070260695,0
1.491775390293357,0,59.785111940476654,1,3.8744227850002697,1
33.727400207186506,3,100.23192549786947,0,11.14881807223711,0
11.856923147217914,0,69.19766017871638,1,24.605939177100307,0
4.893915786615713,4,38.079914749693096,0,6.542208601826392,0
1.7997218473971097,1,116.67113631563899,5,15.417120634787233,1
18.960016748163206,2,75.88327132518381,1,4.228116025976685,0
11.613306090754229,3,21.537077830021225,1,1.7358679780354513,0
9.148966296588338,1,84.10969227510857,1,23.726190332135562,0
26.919639966437344,0,41.030384343648194,1,1.56322796691708,0
18.647880164352863,2,60.236698355936575,0,4.7490728935468995,0
1.9738958415160905,2,90.37810187394888,1,28.97664683859876,0
4.482750616749605,2,41.47943273610238,0,6.380486241568851,0
3.4280354225860554,0,23.979605373492923,0,54.20399155113702,1
16.348416742420937,3,115.90519772242203,1,58.48240789624298,0
0.4092904782940552,5,97.73812768693452,2,4.685278698819386,1
10.124562676633715,1,52.267355240648904,0,0.6276224331774602,0
17.248964590317346,2,83.65579700476026,0,18.314917025785622,0
25.124008132631253,2,45.39067257129807,1,8.994483786522416,0
5.024095122541112,6,57.310570799942134,0,1.5929603850297247,0
20.661695562492035,1,50.79795148544183,2,18.440529434303873,0
1.406926621185328,2,46.31787507504397,0,0.47506782215670307,0
22.48492748654025,1,65.34306346387571,3,30.62602467088629,0
1.63655556633685,1,29.841814710372997,3,2.2388593397146437,1
6.075775574518372,2,48.14462899244687,1,2.0426555459223503,0
19.15206435991788,0,63.8949121560027,0,2.8978069723941915,0
1.949061479044994,4,136.8725709570547,1,48.38335585465387,1
3.124716269337011,2,30.454473378374416,1,17.721890185216314,0
15.372517171738865,3,70.82956716632381,3,24.244788175165322,0
15.277154063900337,1,74.8191889027683,0,7.603375221429117,0
12.29813050484869,1,21.362576610696372,1,6.149163234111066,0
14.208020509051403,3,67.0384279995357,2,4.008077573881332,0
9.389629214347657,2,84.78702631218792,0,9.827601792945774,0
3.481004391112919,2,73.2828300788086,0,12.038697426051716,0
5.090198325519161,0,52.354420371801524,1,14.985910350143724,0
2.4048152941983822,1,64.49708430854017,1,4.458281113899068,0
28.69051367188382,2,59.437322182220946,1,44.537547271097566,0
10.507308655639182,0,23.459401487131316,0,2.790579817475942,0
6.146947913748268,4,60.1390969936648,3,50.56868532965593,1
7.43889007585396,5,45.44327282463166,0,0.22451369935072552,0
35.313884843966534,0,38.382012082845606,1,9.841404088670709,0
1.9976346015420081,0,189.13952624384882,2,6.08275299933686,1
10.589335309302648,6,102.13626568587759,2,8.943667149622025,0
8.459933289518128,0,30.720001891225703,1,12.682751975630767,0
11.344131816036873,1,64.93054098359437,1,8.579592741453048,0
0.21931416487796682,0,113.18375379780085,2,8.038225074842932,1
24.68032227048836,3,25.839399073177525,0,19.792068891372573,0
32.27986244029502,2,56.740688902841846,1,17.369525134434408,0
9.992585567320772,3,58.092488097667996,2,26.870808460987323,0
14.3144488863115,5,28.86857284900971,0,4.314410733999657,0
30.689632294147515,5,66.00794755693364,1,14.106004810510557,0
14.740769440710217,2,95.40425653813584,1,13.199193469932968,0
1.9861261094894607,3,116.05030904030008,0,6.924290594319876,0
10.304425798230723,6,48.19802037654247,3,9.984659535311401,0
11.198650284408181,3,190.7230770422877,0,5.648401894748265,0
6.622494047073854,2,19.51174561177303,0,2.2945476176730386,0
16.001883646600703,3,65.24232109484299,1,3.608184088306619,0
32.6841226291497,1,26.94648440455035,2,1.672584480723414,0
31.174514556649406,1,57.11640159431164,2,17.236095139337493,0
7.192371555643412,4,42.05787411727068,0,16.214270169549987,0
1.4421444546214102,0,70.3469007733333,0,45.11900763684696,1
50.270087869448474,6,51.242006901060535,1,19.62214452251857,0
21.908617329821315,2,36.12582237887902,0,0.8017369652167061,0
1.5977515166047607,3,37.332136579913524,0,32.344213394499576,1
30.435695291559313,2,143.48489218619017,1,29.78109129486241,0
24.47308717472236,0,68.15345604832184,0,8.786479299828443,0
8.778616631623791,1,23.311239977733198,0,13.22337846047134,0
10.736565441948898,4,71.90845614079959,2,55.994559594632754,0
6.109978120908163,3,49.534117214712595,2,11.399063171051584,0
0.6758177909195254,3,54.72390004619646,0,35.35907708452313,1
4.8991786356088936,5,82.26486287688701,0,1.3003511024544825,0
19.485694932794146,1,98.65348777200997,0,3.1803071786357298,0
0.05571340879611462,4,35.53768334065784,1,8.717512770948694,1
4.868566759082024,1,53.792237529649206,1,13.183363895673649,0
6.093337138256138,1,41.55195195387909,1,25.410879211092613,0
9.25059628948658,1,73.58425605360154,0,66.67400469498621,0
30.2871057138365,0,48.61089842194626,1,7.386229490728032,0
5.102125330689481,1,55.40255655279956,0,0.7286490738288102,0
5.113277831501943,4,47.69667168647323,1,24.229689771712323,0
16.050107419986787,2,51.776700056602074,2,13.909544130085608,0
7.222533281908072,1,128.03779617686865,0,3.3198567252757556,0
3.0525896844327045,1,180.43725189151837,1,10.242858262946118,0
7.2273882069138615,1,65.92686666853409,2,20.33998379572448,0
1.8218390631766446,2,51.93615158890775,2,22.072019298922807,0
2.3286540384971612,2,24.586109268048702,3,10.385764434422878,1
8.278656513633813,0,37.329761356337556,2,5.462282362681893,0
6.514514595072084,2,51.24571383877813,0,54.597101112832306,0
29.559512823033756,1,38.18597836343721,1,16.33123387250356,0
5.400414996476739,2,40.24756956503555,1,7.869749095776605,0
10.426828605423264,2,120.02436178209159,1,4.937214614584042,0
12.004689270214175,0,55.38979698628605,1,19.70140213688021,0
0.15817133790791071,2,57.92250495651988,1,4.159709029293596,1
13.071218364431868,0,38.974388287773095,2,2.825878965886458,0
2.3527036823909784,3,98.37358888441662,2,11.320038284679432,0
38.95197926726912,4,49.092716614431424,0,5.137088283977849,0
1.9313628517221608,4,42.07981480612206,0,14.869463624901115,0
6.426013374439282,3,24.76978568702329,1,1.8824054365705103,0
1.0705612518060375,3,52.95534668844784,1,15.960602476818632,1
69.21697938180911,2,41.4285807577106,0,4.996396373474265,0
8.370562387898714,0,126.7592823104548,1,0.0036444592179365543,0
10.857831889067349,2,137.26993915335734,1,2.036197221979421,0
0.8331846099390501,3,29.44016070622078,1,40.684347648356656,1
16.63363506259199,1,31.153399766495905,2,30.301142574145523,0
2.8272340590031586,2,47.55277668939711,0,3.9909425611634513,0
27.399778281739565,1,36.30592867455954,3,22.601318214052228,0
2.75506593793,1,60.868042777162124,0,14.069289737593131,0
2.53884515770579,2,46.371648809900115,1,53.057685351098925,1
0.446812102292066,3,62.819539918503786,0,7.016627540436275,1
7.665429519545567,2,90.74439977962908,0,17.160137190745402,0
9.984529244114167,0,32.06898118843209,1,0.9846585364791679,0
0.8156032821498777,3,89.80185312568335,0,7.568860192770336,1
17.928031123180467,2,37.9273994998361,0,49.787762359923,0
7.246015803523461,2,159.85088702106677,2,11.614736246295603,0
8.917891855111161,0,122.7915230907457,1,5.092622174997674,0
6.974177661450963,4,51.59680913244258,1,1.9221199735629182,0
6.145178415299056,2,33.72395034733309,0,18.237054712686167,0
9.841961485654497,2,30.647987825524538,2,15.52848090358075,0
2.0244360811314657,1,84.50529972515338,1,7.024605166240083,0
2.409661034503506,2,53.77445911123622,0,45.22108193833282,1
23.747391939553683,2,86.78496938252937,0,0.33679508543609027,0
35.05094051117622,2,164.36909603806384,0,5.4301339866194,0
5.607626249701663,4,37.14423326224129,0,38.08781080468814,0
3.7887763883119923,0,29.515952447543764,1,5.805586087005967,1
12.393879181133485,1,60.11624576640085,0,4.360355569835264,0
6.305874811286955,4,96.77413960269712,2,11.46064109149747,0
0.30856978479176433,0,34.11611506153025,0,26.042182454609573,1
2.0374032395941275,0,55.551602823604085,0,1.6329456499314852,1
15.104199118236547,3,108.31263681065259,2,42.9760110642758,0
12.90779738781043,0,24.13253863650564,3,23.77651321518177,0
0.3296382946132812,1,61.41529944359533,0,2.999652062351355,1
3.01191568640046,0,41.67695979477316,2,18.67233663416165,1
3.153138947411172,1,58.09492411931331,1,7.290988436481,0
13.372976673934222,2,77.85842748598833,1,7.719861287801225,0
0.23888857550567286,2,60.9713605012419,2,22.93793476970399,1
1.319232703216474,1,32.94662404990984,1,49.36557320183753,1
19.308221127554898,2,42.49459667900783,2,2.0313841745430903,0
2.360132513421424,3,111.41884631533368,1,8.187215723166176,0
12.692389067046921,0,64.35833469611022,1,9.836083404551555,0
3.2645834665079425,3,83.10954557466899,1,7.08157113249511,0
1.2568804018184558,1,61.87694502185998,0,6.769238475096948,1
3.343434196937367,4,81.82297188889605,2,0.8052633224194274,0
15.373137757164383,5,44.78740471022833,2,17.353410153949795,0
23.230036049447154,1,37.19759752812539,0,8.596219079497669,0
21.27901199970677,1,79.98577912411932,1,3.249853328690433,0
6.073709873701061,4,95.93654709987847,4,25.395024235199188,0
13.234521340855139,1,34.56561302277787,1,24.334864912994544,0
2.7527209239477695,1,40.936725506369875,1,9.99441339433895,0
4.163203063350202,3,50.31920361643764,1,5.316960728289178,0
27.199183543570854,2,122.72085473211479,0,15.245508728655128,0
0.15704626075542003,0,72.35378215940958,0,5.098365963695053,1
1.0726456755653895,1,28.161522195506215,1,4.037968048115218,1
2.796603362877782,2,52.117907525565975,0,19.66861897465842,0
0.3226864226918026,1,48.28208699133814,1,0.6174126494851361,1
2.4024360394832733,4,30.367265090250076,1,1.4934680233646243,0
10.4972247449324,3,51.81108080548406,2,0.10216977713078569,0
6.566235820413604,0,47.22773283913596,1,2.4898126559918192,0
26.78235624986193,2,45.566998535815166,1,1.0722790497017949,0
20.40835083623374,4,44.536510627223684,0,82.0985200468063,0
5.019273662028384,2,113.942823482101,2,5.112234200644932,0
3.6039150257673427,1,45.51984760528858,0,2.4248720777859445,0
5.730477697302453,2,55.971102353822495,0,4.136228571330063,0
10.707813001719664,2,53.01726651836574,2,41.26254267433587,0
3.744740517783274,2,42.414554710862056,0,11.014545431559503,0
11.74274694656505,1,56.81227242356531,2,6.80765787907025,0
6.319632471357734,0,56.41162746872997,0,30.999829477159942,0
9.636808398178133,3,56.81942538358456,1,7.537661090152033,0
6.875104741093345,6,35.53021385283045,0,6.119716883456292,0
4.1855997031479975,1,49.251397673544425,2,3.484325870718634,0
35.583206653826444,2,79.85088338654695,0,7.117328848770275,0
17.307054044791634,2,49.90352713412028,0,5.7119757406035205,0
1.8114539774762504,2,59.19818936080148,0,16.965666739261366,0
24.34205913263189,2,59.35393974265739,1,5.128541125467611,0
8.019843955942997,2,67.26886942477233,2,12.912831378432166,0
26.99447388347692,1,72.19172719209953,0,1.0224508862973276,0
19.304573447158802,4,50.045104817080585,3,3.1847077598446245,0
6.645079431103287,3,34.61656582153815,2,7.848668094227907,0
0.2727070737304814,0,29.68501389079987,0,41.45723074970447,1
3.75480657331784,2,90.81670154092556,2,7.104199702036357,0
9.361053068157556,2,80.24827159213976,1,16.36297113245189,0
12.044367983214435,3,75.54151269491729,0,4.4173221679850325,0
3.5790561591472665,1,81.90841754716362,0,2.037872764988913,0
1.8008930259685865,2,50.361248893675004,1,0.904797087938873,0
21.6166450459487,0,39.94732818960019,1,5.466578586141665,0
49.92748995824681,3,33.441454901865896,0,2.573591471287534,0
8.950734563665042,3,31.668579352297286,1,2.8675973170663474,0
2.260258363920887,2,100.09095716967455,2,21.454277339017185,0
3.8145176607471942,0,42.66707613514532,0,0.23947250131260114,1
0.2227426489291921,3,92.52043458986947,1,12.240238640449997,1
29.482662332322683,2,49.72744951729399,1,7.157511556526306,0
1.5033725261544362,4,38.9344473936201,3,10.595006132681812,1
10.31088802641787,1,31.58927300908678,1,12.411505291943902,0
3.843375943233515,3,40.687577368873946,1,5.639345213856758,0
9.694026184883823,2,110.95440947079061,2,5.245678495522253,0
12.646663607832323,4,31.75007095407101,2,19.830192120025043,0
21.24527030906832,0,157.33438964493374,0,30.751385668288535,0
2.77443033005443,2,35.86264721434748,2,3.208699827351721,0
0.13268075558036635,1,79.43785241539625,2,1.5407728208185512,1
1.7664968482486865,1,50.77348923296881,0,34.21173853062378,1
27.63325834623818,1,46.51245883944024,2,6.45933155798378,0
24.84721622463747,0,28.912950572437698,0,12.021592869538388,0
10.91813172235791,1,51.97711411989931,2,6.683602809017247,0
11.011004622064164,2,30.595624294361116,1,2.016731536646166,0
13.12481075289015,3,23.552016664690157,2,13.349539683549732,0
2.313864343662626,5,57.96267906911085,0,11.17105573443821,0
29.498514729255618,3,39.73722662065781,1,3.4033877836295616,0
6.5113156121558164,2,126.74462789003199,1,9.018615764552695,0
5.797329591934421,4,90.01810867100863,1,23.91436098695479,0
8.780603191472172,3,127.57648800754635,2,13.389569033674848,0
0.5772559715037267,2,38.84419123002432,1,1.52911764180398,1
2.1823404605912677,1,58.443990605467064,1,11.91180990783569,0
16.074469085087557,1,14.726734569062321,1,18.19713571482905,0
1.0371393080621232,4,47.42259532111798,2,23.604070333679772,1
11.090426627821387,5,57.35437771763411,3,14.878052852221185,0
3.3780004032052897,1,58.96971687618442,0,2.484766229564927,0
5.91770708310226,3,53.453696583267266,1,18.577080083386424,0
4.087826303449752,2,56.44666928183022,1,16.967427948085977,0
5.274581732674242,1,14.06062985340052,0,0.3709525246459163,0
15.23476783966424,2,62.060574617488264,1,7.958989295775963,0
4.2308584752666105,1,69.52733231399253,1,6.073359653821016,0
10.027722368468426,2,106.59245187675987,0,16.603238793845307,0
7.756317440283141,1,65.65206333903024,0,3.6527925543929394,0
13.07599107711214,0,51.14329847171586,1,13.405905377960176,0
33.14305977015563,2,94.86653045035918,1,36.663260162546905,0
15.826863255060514,1,16.799227239462727,4,23.977645566835836,0
2.903947358928568,2,42.20445291071359,0,38.16177610393075,1
0.38015614589109414,3,37.2292599526178,0,57.5996987118091,1
3.6500316240670547,0,53.6638236841881,3,0.16091191525246656,1
10.848727822477167,0,18.18602776243592,2,14.622360860304514,0
0.6335433371972962,2,105.61684030276855,1,7.986853473132295,1
8.230871472314266,1,48.18727828183929,1,29.476110620683258,0
10.901146079850722,2,64.03298527937122,1,4.351569106494097,0
4.881982535257205,3,61.04099041583564,2,59.47304346292046,0
17.683799509760817,2,102.64176820796601,2,14.267424599626107,0
1.352626977176136,3,21.52090810439696,1,23.664540113713695,0
0.9373260695069642,3,57.75215026501144,0,1.3423001619403268,1
15.631768922596713,3,96.84280823440115,2,3.040151815383521,0
8.210042719956823,2,51.9876804785911,3,21.307305239897737,0
13.992511868797692,0,33.9322301101415,1,0.33347741844589435,0
6.847487989546288,2,40.36870847565377,1,25.464039068486386,0
3.3947550451023796,2,44.85921361130515,0,0.21070830803326837,0
20.51788438285435,2,38.071843197733564,1,16.055570421255588,0
19.27825876752228,3,50.58193220426036,0,6.814172953581869,0
14.237385836509457,1,116.06190372806756,0,14.181732902222596,0
3.811843379856385,2,40.50063355126533,1,17.86246343065808,0
10.70593055668157,0,42.783949170112564,1,6.289092392849385,0
5.373719706957864,0,68.70969375898747,0,1.713705731366888,0
1.1526088152798386,2,50.028348662926334,1,1.082849669227341,1
29.912398122451698,3,28.08982562375965,0,13.33509620602893,0
1.7655653858342404,1,52.9530557830621,0,11.030031423878492,0
36.00588783747315,1,51.96416174693433,2,20.33362654261973,0
7.087212153490466,4,88.9290777391007,2,10.69215387002536,0
